Required_Order,Book_Line_Ref,Chapter,Headword,Latin_Entry,Part_of_Speech,Definitions_Whitakers,Dictionary_Form,Occurrences_in_Aeneid
1,"I.1","I.1-25","canō","cecinī, 3, n. and a.","verb","sing, celebrate, chant; crow; recite; play (music)/sound (horn); foretell","cano, canere, cani, canitum",43
2,"I.4","I.1-25","superus","a, um","noun","gods (pl.) on high, celestial deities; those above","superus, superi",1
3,"I.4","I.1-25","saevus","a, um","adj","savage; fierce/ferocious; violent/wild/raging; cruel, harsh, severe; vehement","saevus, saevi, saevissi",59
4,"I.4","I.1-25","memor","oris","adj","remembering; mindful (of w/GEN), grateful; unforgetting, commemorative","memor, memoris",19
5,"I.8","I.1-25","laedō","laesī, laesus, 3, a.","verb","strike; hurt, injure, wound; offend, annoy","laedo, laedere, laesi, laesum",5
6,"I.8","I.1-25","-ve","","enclitic","nearly; near, close to, near by, hard by, by the side of; just as, equally;","-ve",79
7,"I.9","I.1-25","rēgīna","ae, f.","noun","queen","regina, reginae",41
8,"I.9","I.1-25","volvō","volvī, volūtus, 3, a.","verb","roll, cause to roll; travel in circle/circuit; bring around/about; revolve","volvo, volvere, volvi, volutum",53
9,"I.10","I.1-25","īnsīgnis","e","adj","conspicuous, manifest, eminent, notable, famous, distinguished, outstanding","insign, insignis",29
10,"I.14","I.1-25","dīves","itis, and dīs, dīte","noun","rich man","dives, divitis",16
11,"I.14","I.1-25","asper","era, erum","noun","uneven/rough/harsh place/land; adversity, difficulties (esp. pl.)","asperum, asperi",31
12,"I.17","I.1-25","currus","ūs, m.","noun","chariot, light horse vehicle; triumphal chariot; triumph; wheels on plow; cart","currus, currus",51
13,"I.18","I.1-25","foveō","fōvī, fōtus, 2, a.","verb","keep warm; favor, cherish, maintain, foster","foveo, fovere, fovi, fotum",12
14,"I.19","I.1-25","prōgeniēs","ēī, f.","noun","race, family, progeny","progenies, progeniei",9
15,"I.20","I.1-25","ōlim","ōlim","adv","formerly; once, once upon a time; in the future","olim",20
16,"I.21","I.1-25","superbus","a, um","adj","arrogant, overbearing, haughty, proud","superbus, superba, superbum",37
17,"I.27","I.1-25","spernō","sprēvī, sprētus, 3, a.","verb","scorn, despise, spurn","sperno, spernere, sprevi, spretum",3
18,"I.29","I.1-25","accendō","ī, cēnsus, 3, a.","verb","kindle, set on fire, light; illuminate; inflame, stir up, arouse; make bright","accendo, accendere, accendi, accensum",25
19,"I.30","I.1-25","aequor","oris, n.","noun","level/smooth surface, plain; surface of the sea; sea, ocean","aequor, aequoris",89
20,"I.31","I.1-25","mītis","e","adj","mild, meek, gentle, placid, soothing; clement; ripe, sweet and juicy","mitus, miti, mitissi",1
21,"I.31","I.1-25","arceō","uī, 2, a.","verb","ward/keep off/away; keep close, confine; prevent, hinder; protect; separate","arceo, arcere, arcui",9
22,"I.33","I.1-25","mōlēs","is, f.","noun","large mass; rock/boulder; heap/lump/pile, bulk; monster; mole/jetty/dam/dike","moles, molis",30
23,"I.34","I.1-25","tellūs","ūris, f.","noun","earth, ground; the earth; land, country","tellus, telluris",49
24,"I.35","I.1-25","vēlum","ī, n.","noun","sail, covering; curtain; [vela vento dare => sail away]","velum, veli",32
25,"I.35","I.1-25","spūma","ae, f.","noun","foam, froth; slime, scum, spume; hair pomade/dye","spuma, spumae",5
26,"I.35","I.26-50","sāl","salis, m.","noun","open sea, high sea, main, deep, ocean; sea in motion, billow, waves","salum, sali",7
27,"I.40","I.26-50","mergō","mersī, mersus, 3, a.","verb","dip, plunge, immerse; sink, drown, bury; overwhelm","mergo, mergere, mersi, mersum",8
28,"I.41","I.26-50","pontus","ī, m.","noun","sea","pontus, ponti",30
30,"I.45","I.26-50","nūbēs","is, f.","noun","cloud/mist/haze/dust/smoke; sky/air; billowy formation (hair); swarm/multitude","nubes, nubis",43
31,"I.43","I.26-50","ratis","is, f.","noun","raft; ship, boat","ratis, ratis",22
32,"I.44","I.26-50","pectus","oris, n.","noun","breast, heart; feeling, soul, mind","pectus, pectoris",120
34,"I.45","I.26-50","scopulus","ī, m.","noun","rock, boulder","scopulus, scopuli",27
35,"I.45","I.26-50","acuō","uī, ūtus, 3, a.","verb","whet, sharpen, cut to a point; spur on, provoke, incite; come to a head (PASS)","acuo, acuere, acui, acutum",7
36,"I.46","I.26-50","dīvus","a, um","noun","god","divus, divi",1
36,"I.46","I.26-50","dīvus","ī, m.","noun","god","divus, divi",69
37,"I.47","I.26-50","cor","cordis, n.","noun","pupil of the eye","cora, corae",33
38,"I.51","I.26-50","nimbus","ī, m.","noun","rainstorm, cloud","nimbus, nimbi",24
39,"I.52","I.26-50","vāstus","a, um","adj","huge, vast; monstrous","vastus, vasti, vastissi",46
40,"I.52","I.26-50","antrum","ī, n.","noun","cave; cavern; hollow place with overarching foliage; cavity, hollow; tomb","antrum, antri",24
41,"I.53","I.26-50","lūctor","ātus sum, 1, dep. n.","verb","wrestle; struggle; fight (against)","luctor, luctari, luctatus sum",8
42,"I.56","I.26-50","fremō","uī, itus, 3, n. and a.","verb","roar; growl; rage; murmur, clamor for","fremo, fremere, fremui, fremitum",35
43,"I.56","I.26-50","celsus","a, um","adj","high, lofty, tall; haughty; arrogant/proud; prominent, elevated; erect; noble","celsus, celsa, celsum",23
44,"I.57","I.26-50","scēptrum","ī, n.","noun","scepter","sceptrum, sceptri",18
45,"I.58","I.26-50","nī","nī","adv","if ... not; unless; [quid ni? => why not?]","ni",19
46,"I.60","I.26-50","aura","ae (archaic genit. āī), f.","noun","breeze, breath (of air), wind; gleam; odor, stench; vapor; air (pl.), heaven","aura, aurae",85
47,"I.60","I.26-50","spēlunca","ae, f.","noun","cave","spelunca, speluncae",12
48,"I.61","I.26-50","āter","tra, trum","adj","black, dark; dark-colored (hair/skin); gloomy/murky; unlucky; sordid/squalid","aterus, atri, aterri",71
49,"I.63","I.26-50","habēna","ae, f.","noun","thong, strap; whip; halter; reins (pl.); direction, management, government","habena, habenae",20
50,"I.66","I.26-50","mulceō","mulsī, mulsus or mulctus, 2, a.","verb","stroke, touch lightly, fondle, soothe, appease, charm, flatter, delight","mulceo, mulcere, mulsi, mulsum",7
51,"I.66","I.51-75","fluctus","ūs, m.","noun","wave; disorder; flood, flow, tide, billow, surge; turbulence, commotion","fluctus, fluctus",44
52,"I.69","I.51-75","incutiō","cussī, cussus, 3, a.","verb","strike on or against; instill","incutio, incutiere, incussi, incussum",1
53,"I.69","I.51-75","puppis","is, f.","noun","stern/aft (of ship); poop; ship; back (L+S); [a ~ => abaft]","puppis, puppis",43
54,"I.71","I.51-75","nympha","ae, f.","noun","nymph; (semi-divine female nature/water spirit); water; bride; young maiden","nympha, nymphae",6
55,"I.73","I.51-75","cōnūbium","iī, n.","noun","marriage/wedlock; right to marry; act/ceremony of marriage (usu. pl.)","conubium, conubii",14
56,"I.75","I.51-75","prōlēs","is, f.","noun","offspring, descendant; that springs by birth/descent; generation; race, breed","proles, prolis",24
57,"I.79","I.51-75","epulae","ārum, f.","noun","courses (pl.), food, dishes of food; dinner; banquet; feast for the eyes","epula, epulae",11
58,"I.79","I.51-75","recumbō","cubuī, 3, n.","verb","recline, lie at ease, sink/lie/settle back/down; recline at table","recumbo, recumbere, recubui",3
59,"I.81","I.51-75","cavus","a, um","noun","hole, cavity, depression, pit, opening; cave, burrow; enclosed space; aperture","cavus, cavi",34
60,"I.81","I.51-75","cuspis","idis, f.","noun","point/tip (spear), pointed end; spit/stake; blade; javelin/spear/lance; sting","cuspis, cuspidis",12
61,"I.82","I.51-75","velut","velut (velutī)","adv","just as, as if","velut",27
63,"I.90","I.51-75","intonō","uī, ātus 1, n. and a.","verb","thunder","intono, intonare, intonavi, intonatum",8
64,"I.88","I.51-75","subitus","a, um","adj","sudden; rash, unexpected","subitus, subita, subitum",27
65,"I.90","I.51-75","polus","ī, m.","noun","pole (e.g., north pole), end of an axis; heaven, sky, celestial vault","polus, poli",10
66,"I.90","I.51-75","micō","micuī, 1, n.","verb","vibrate, quiver, twinkle; tremble, throb; beat (pulse); dart, flash, glitter","mico, micare, micui",11
67,"I.90","I.51-75","aethēr","eris, m. (acc. aethera and aetherem)","noun","upper air; ether; heaven, sky; sky (as a god); space surrounding a deity","aether, aetheris",52
68,"I.92","I.51-75","extemplō","extemplō","adv","immediately, forthwith","extemplo",14
69,"I.92","I.51-75","membrum","ī, n.","noun","member, limb, organ; (esp.) male genital member; apartment, room; section","membrum, membri",31
70,"I.93","I.51-75","gemō","uī, itus, 3, n. and a.","verb","moan, groan; lament (over); grieve that; give out a hollow sound (music, hit)","gemo, gemere, gemui, gemitum",13
71,"I.93","I.51-75","duplex","icis","adj","twofold, double; divided; two-faced","duplic, duplexis",10
72,"I.94","I.51-75","sīdus","eris, n.","noun","star; constellation; tempest (Vulgate 4 Ezra 15:39)","sidus, sideris",57
73,"I.93","I.51-75","palma","ae, f.","noun","palm/width of the hand; hand; palm tree/branch; date; palm award/first place","palma, palmae",28
74,"I.94","I.51-75","ter","ter","adv","three times; on three occasions","ter",38
75,"I.101","I.51-75","galea","ae, f.","noun","helmet","galea, galeae",32
76,"I.102","I.76-100","strīdeō","2, n., and strīdō, strīdī, 3","verb","creak, squeak, grate, shriek, whistle; (make shrill sound); hiss; gnash","strideo, stridere, stridi",21
77,"I.103","I.76-100","feriō","4, a.","verb","hit, strike; strike a bargain; kill, slay","ferio, feriere",20
78,"I.104","I.76-100","prōra","ae, f.","noun","prow","prora, prorae",15
79,"I.104","I.76-100","unda","ae, f.","noun","wave","unda, undae",109
80,"I.106","I.76-100","pendeō","pependī, 2, n.","verb","hang, hang down; depend; [~ ab ore => hang upon the lips, listen attentively]","pendeo, pendere, pependi",28
82,"I.108","I.76-100","torqueō","torsī, tortus, 2, a.","verb","turn, twist; hurl; torture; torment; bend, distort; spin, whirl; wind (round)","torqueo, torquere, torsi, tortum",43
83,"I.112","I.76-100","cingō","cīnxi, cīnctus, 3, a.","verb","surround/encircle/ring; enclose; beleaguer; accompany; gird, equip; ring (tree)","cingo, cingere, cinxi, cinctum",35
84,"I.113","I.76-100","fīdus","a, um","adj","faithful, loyal; trusting, confident","fidus, fida, fidum",23
85,"I.114","I.76-100","vertex","icis, m.","noun","whirlpool, eddy, vortex; crown of the head; peak, top, summit; the pole","vertex, verticis",40
86,"I.115","I.76-100","prōnus","a, um","adj","leaning forward; prone","pronus, prona, pronum",10
87,"I.118","I.76-100","appāreō","uī, itus, 2, n.","verb","appear; be evident/visible/noticed/found; show up, occur; serve (w/DAT)","appareo, apparere, apparui, apparitum",17
88,"I.119","I.76-100","nō","nāvī, nātus, 1, n.","verb","swim, float","no, nare, navi",4
89,"I.118","I.76-100","gurges","itis, m.","noun","whirlpool; raging abyss; gulf, the sea; "flood", "stream"","gurges, gurgitis",20
90,"I.123","I.76-100","imber","imbris, m.","noun","rain, shower, storm; shower of liquid/snow/hail/missiles; water (in general)","imber, imbris",13
91,"I.126","I.76-100","stāgnum","ī, n.","noun","alloy of sliver and lead; tin (late)","stagnum, stagni",9
92,"I.129","I.76-100","ruīna","ae, f.","noun","fall; catastrophe; collapse, destruction","ruina, ruinae",16
93,"I.130","I.76-100","dolus","ī, m.","noun","trick, device, deceit, treachery, trickery, cunning, fraud","dolus, doli",26
94,"I.131","I.76-100","for","fātus sum, 1, dep. a. and n.","verb","speak, talk; say","for, fari, fatus sum",1
95,"I.142","I.76-100","citus","a, um","adj","quick, swift, rapid; moving/acting/passing/occurring quickly, speedy; early","citus, citi, citissi",11
96,"I.143","I.76-100","nītor","nīsus or nīxus sum, 3, dep. n.","verb","press/lean upon; struggle; advance; depend on (with abl.); strive, labor","nitor, niti, nisus sum",10
97,"I.147","I.76-100","rota","ae, f.","noun","wheel (rotate)","rota, rotae",14
98,"I.147","I.76-100","lēvis","e","verb","lift/raise/hold up; support; erect, set up; lift off, remove (load); comfort","levo, levare, levavi, levatum",10
98,"I.147","I.76-100","levis","e","verb","lift/raise/hold up; support; erect, set up; lift off, remove (load); comfort","levo, levare, levavi, levatum",26
99,"I.149","I.76-100","saeviō","iī, ītus, 4, n.","verb","rage; rave, bluster; be/act angry/violent/ferocious; vent rage on (DAT)","saevio, saeviere, saevivi, saevitum",15
100,"I.150","I.76-100","volō","voluī, velle, irreg. and def. a.","verb","wish, want, prefer; be willing, will","volo, volle, volui",46
100,"I.150","I.76-100","volō","āvī, ātus, 1, n.","verb","wish, want, prefer; be willing, will","volo, volle, volui",54
101,"I.152","I.101-125","sileō","uī, 2, n. and a.","verb","be silent, not to speak (about); be quiet; not to function","sileo, silere, silui",10
102,"I.153","I.101-125","arrigō","rēxī, rēctus, 3, a.","verb","set upright, tilt upwards, stand on end, raise; become sexually excited/aroused","arrigo, arrigere, arrexi, arrectum",21
104,"I.155","I.101-125","pelagus","ī, n.","noun","sea; the open sea, the main; (-us neuter, only sing.)","pelagum, pelagi",44
105,"I.155","I.101-125","genitor","ōris, m.","noun","father; creator; originator","genitor, genitoris",57
106,"I.161","I.101-125","sinus","ūs, m.","noun","bowl for serving wine, etc","sinus, sini",19
107,"I.161","I.101-125","scindō","scidī, scissus, 3, a.","verb","tear, rend, cut to pieces; tear (clothes/hair) in rage/grief/despair","scindo, scindere, scicidi, scisum",13
108,"I.162","I.101-125","rūpēs","is, f.","noun","cliff; rock","rupes, rupis",18
109,"I.162","I.101-125","geminus","a, um","noun","twins (pl.)","geminus, gemini",41
110,"I.164","I.101-125","coruscus","a, um","noun","lightening; (2 Ezra 6:2)","coruscus, coruscus",9
111,"I.165","I.101-125","horreō","2, n. and a.","verb","dread, shrink from, shudder at; stand on end, bristle; have rough appearance","horreo, horrere, horrui",12
112,"I.165","I.101-125","nemus","oris, n.","noun","wood, forest","nemus, nemoris",37
113,"I.162","I.101-125","immineō","2, n.","verb","threaten, be a threat (to); overhang, be imminent; with DAT","immineo, imminere",6
114,"I.165","I.101-125","umbra","ae, f.","noun","shade; ghost; shadow","umbra, umbrae",69
115,"I.167","I.101-125","intus","intus","adv","within, on the inside, inside; at home","intus",14
116,"I.169","I.101-125","uncus","a, um","noun","hook, barb, clamp; hook in neck used to drag condemned/executed criminals","uncus, unci",8
117,"I.169","I.101-125","morsus","ūs, m.","noun","bite, sting; anguish, pain; jaws; teeth","morsus, morsus",8
118,"I.173","I.101-125","artus","ūs, m.","noun","arm/leg/limb, joint, part of the body; frame (pl.), body; sexual members/organs","artus, artus",23
118,"I.173","I.101-125","artus","a, um","noun","arm/leg/limb, joint, part of the body; frame (pl.), body; sexual members/organs","artus, artus",2
119,"I.175","I.101-125","folium","iī, n.","noun","leaf","folium, folii",12
120,"I.179","I.101-125","torreō","uī, tostus, 2, a. and n.","verb","parch, roast, scorch, bake, burn; dry up; begin to burn; harden by charring","torreo, torrere, torrui, tostum",3
121,"I.184","I.101-125","cervus","ī, m.","noun","stag/deer; forked branches; chevaux-de-frise (spiked barricade against cavalry)","cervus, cervi",7
122,"I.185","I.101-125","armentum","ī, n.","noun","herd (of cattle); a head of cattle, individual bull/horse; cattle/horses (pl.)","armenta, armentae",11
123,"I.186","I.101-125","pāscō","pāvī, pāstus, 3, a. and n.","verb","feed, feed on; graze","pasco, pascere, pavi, pastum",10
124,"I.187","I.101-125","arcus","ūs, m.","noun","bow, arc, coil, arch; rainbow; anything arched or curved","arcus, arcus",23
125,"I.190","I.101-125","sternō","strāvī, strātus, 3, a.","verb","spread, strew, scatter; lay out","sterno, sternere, stravi, stratum",47
126,"I.191","I.126-150","frōns","frondis, f.","noun","foliage, leaves, leafy branch, green bough, frond","frons, frondis",18
126,"I.191","I.126-150","frōns","frontis, f.","noun","foliage, leaves, leafy branch, green bough, frond","frons, frondis",16
127,"I.191","I.126-150","turba","ae, f.","noun","commotion, uproar, turmoil, tumult, disturbance; crowd, mob, multitude","turba, turbae",21
128,"I.192","I.126-150","ingēns","entis","adj","not natural, immoderate; huge, vast, enormous; mighty; remarkable, momentous","ingensus, ingenti, ingentissi",168
129,"I.193","I.126-150","humus","ī, f.","noun","ground, soil, earth, land, country","humus, humi",22
130,"I.195","I.126-150","hērōs","ōis, m.","noun","hero; demigod","heros, herois",23
131,"I.198","I.126-150","ignārus","a, um","adj","ignorant; unaware, having no experience of; senseless; strange","ignarus, ignara, ignarum",28
132,"I.200","I.126-150","rabiēs","em, ē, f.","noun","madness","rabies, rabiei",7
133,"I.201","I.126-150","sonō","sonuī, sonitus, 1, n. and a.","verb","make a noise/sound; speak/utter, emit sound; be spoken of (as); express/denote","sono, sonare, sonavi, sonatum",28
134,"I.202","I.126-150","maestus","a, um","adj","sad/unhappy; mournful/gloomy; mourning; stern/grim; ill-omened/inauspicious","maestus, maesti, maestissi",36
135,"I.206","I.126-150","surgō","surrēxī, surrēctus, 3, a. and n.","verb","rise, lift; grow","surgo, surgere, surrexi, surrectum",47
136,"I.210","I.126-150","daps","dapis, f.","noun","sacrificial feast/meal; feast, banquet; food composing it; food/meal of animals","daps, dapis",16
137,"I.211","I.126-150","vīscus","eris, n.","noun","mistletoe; bird-lime (made from mistletoe berries)","viscus, visci",12
138,"I.212","I.126-150","secō","secuī, sectus, 1, a.","verb","cut, sever; decide; divide in two/halve/split; slice/chop/cut up/carve; detach","seco, secare, secavi, secatum",29
139,"I.212","I.126-150","tremō","uī, 3, n. and a.","verb","tremble, shake, shudder at","tremo, tremere, tremui",22
141,"I.214","I.126-150","herba","ae, f.","noun","herb, grass","herba, herbae",19
142,"I.215","I.126-150","pinguis","e","noun","grease","pingue, pinguis",14
143,"I.216","I.126-150","mēnsa","ae, f.","noun","table; course, meal; banker's counter","mensa, mensae",25
144,"I.223","I.126-150","trīstis","e","adj","sad, sorrowful; gloomy","trist, tristis",44
146,"I.230","I.126-150","fulmen","inis, n.","noun","lightning, flash; thunderbolt; crushing blow","fulmen, fulminis",19
147,"I.238","I.126-150","fūnus","eris, n.","noun","burial, funeral; funeral rites; ruin; corpse; death","funus, funeris",33
148,"I.238","I.126-150","sōlor","ātus sum, 1, dep. a.","verb","solace, console, comfort; soothe, ease, lighten, relieve, assuage, mitigate","solor, solari, solatus sum",10
149,"I.244","I.126-150","fōns","fontis, m.","noun","spring, fountain, well; source/fount; principal cause; font; baptistry","fons, fontis",12
150,"I.246","I.126-150","arvum","ī, n.","noun","arable land/field, soil, region; country; dry land; stretch of plain","arvum, arvi",53
151,"I.251","I.151-175","rīdeō","rīsī, rīsus, 2, n. and a.","verb","laugh at (with dat.), laugh; ridicule","rideo, ridere, risi, risum",4
152,"I.256","I.151-175","ōsculum","ī, n.","noun","kiss; mouth; lips; orifice; mouthpiece (of a pipe)","osculum, osculi",4
153,"I.256","I.151-175","lībō","āvī, ātus, 1, a.","verb","nibble, sip; pour in offering/a libation; impair; graze, touch, skim (over)","libo, libare, libavi, libatum",13
154,"I.259","I.151-175","sublīmis","e","verb","raise, place in elevated position; soar; send up (spirits) from underworld","sublimo, sublimare, sublimavi, sublimatum",15
155,"I.264","I.151-175","ferōx","ōcis","adj","wild, bold; warlike; cruel; defiant, arrogant","feroc, feroxis",10
156,"I.264","I.151-175","contundō","tudī, tūnsus, or tūsus, 3, a.","verb","quell/crush/outdo/subdue utterly; bruise/beat; pound to pieces/powder/pulp","contundo, contundere, contudi, contusum",1
157,"I.267","I.151-175","cognōmen","inis, n.","noun","surname, family/3rd name; name (additional/derived from a characteristic)","cognomen, cognominis",13
158,"I.271","I.151-175","albus","a, um","adj","white, pale, fair, hoary, gray; bright, clear; favorable, auspicious, fortunate","albus, albi, albissi",23
159,"I.273","I.151-175","dōnec","dōnec","conj","while, as long as, until","donec",14
160,"I.275","I.151-175","lupus","ī, m.","noun","wolf; grappling iron","lupus, lupi",8
161,"I.275","I.151-175","fulvus","a, um","adj","tawny, reddish yellow; yellow","fulvus, fulva, fulvum",19
162,"I.278","I.151-175","mēta","ae, f.","noun","cone, pyramid; conical column, turning point at circus, goal; end, boundary","meta, metae",10
163,"I.280","I.151-175","fatīgō","āvī, ātus, 1, a.","verb","weary, tire, fatigue; harass; importune; overcome","fatigo, fatigare, fatigavi, fatigatum",14
164,"I.286","I.151-175","orīgō","inis, f.","noun","origin, source; birth, family; race; ancestry","origo, originis",10
165,"I.291","I.151-175","saeculum","ī, n.","noun","age; generation, people born at a time; breed, race; present time/age; century","saeculum, saeculi",8
166,"I.292","I.151-175","cānus","a, um","noun","gray hairs (pl.); old age","canus, cani",4
167,"I.293","I.151-175","dīrus","a, um","adj","awful/dire/dreadful (omen); ominous/frightful/terrible/horrible; skillful (L+S)","dirus, diri, dirissi",33
168,"I.295","I.151-175","vinciō","vinxī, vinctus, 4, a.","verb","bind, fetter; restrain","vincio, vinciere, vinxi, vinctum",4
169,"I.296","I.151-175","nōdus","ī, m.","noun","knot; node","nodus, nodi",14
170,"I.303","I.151-175","gignō","genuī, genitus, 3, a.","verb","give birth to, bring forth, bear; beget; be born (PASSIVE)","gigno, gignere, genui, genitum",14
172,"I.301","I.151-175","āla","ae, f.","noun","wing; upper arm/foreleg/fin; armpit; squadron (cavalry), flank, army's wing","ala, alae",33
173,"I.305","I.151-175","almus","a, um","adj","nourishing, kind, propitious; of a nurse/breast, providing nurture, fostering","almus, alma, almum",18
174,"I.312","I.151-175","gradior","gressus sum, 3, dep. n.","verb","walk, step, take steps, go, advance","gradior, gradii, gressus sum",10
175,"I.312","I.151-175","comitor","ātus sum, 1. dep. a.","verb","join as an attendant, guard/escort; accompany, follow; attend (funeral)","comitor, comitari, comitatus sum",21
176,"I.314","I.176-200","obvius","a, um","adj","in the way, easy; hostile; exposed (to)","obvius, obvia, obvium",18
177,"I.317","I.176-200","volucer","cris, cre","adj","winged; able to fly; flying; in rapid motion, fleet/swift; transient, fleeting","volucer, voluceris",12
179,"I.318","I.176-200","suspendō","pendī, pēnsus, 3, a.","verb","hang up, suspend","suspendo, suspendere, suspendi, suspensum",10
180,"I.319","I.176-200","coma","ae, f.","noun","hair, hair of head, mane of animal; wool, fleece; foliage, leaves; rays","coma, comae",25
181,"I.320","I.176-200","genū","ūs, n.","noun","knee","genu, genus",10
182,"I.321","I.176-200","iuvenis","e","adj","young; in the vigor or flower of life; young, youthful","iuvenis, e",78
183,"I.323","I.176-200","pharetra","ae, f.","noun","quiver","pharetra, pharetrae",13
184,"I.323","I.176-200","macula","ae, f.","noun","spot, stain, blemish; dishonor; mesh in a net","macula, maculae",3
185,"I.325","I.176-200","ōrdior","ōrsus sum, 4, dep. a. and n.","verb","begin","ordior, ordii, orsus sum",9
186,"I.335","I.176-200","dīgnor","ātus sum, 1, dep. a.","verb","deem/consider/think worthy/becoming/deserving/fit (to); deign, condescend","dignor, dignari, dignatus sum",2
187,"I.337","I.176-200","purpura","ae, f.","noun","purple color, purple; purple dye; purple-dyed cloth","purpura, purpurae",2
188,"I.341","I.176-200","germānus","a, um","noun","Germans (pl.)","Germanus, Germani",12
189,"I.349","I.176-200","caecus","a, um","noun","blind person","caecus, caeci",34
190,"I.352","I.176-200","vānus","a, um","adj","empty, vain; false, untrustworthy","vanus, vana, vanum",1
191,"I.352","I.176-200","lūdō","lūsī, lūsus, 3, n. and a.","verb","play, mock, tease, trick","ludo, ludere, lusi, lusum",12
192,"I.357","I.176-200","celerō","āvī, ātus, 1, a.","verb","quicken/accelerate; make haste, act quickly/be quick; hasten, hurry, do quickly","celero, celerare, celeravi, celeratum",8
193,"I.359","I.176-200","ignōtus","a, um","adj","unknown, strange; unacquainted with, ignorant of","ignotus, ignota, ignotum",19
194,"I.359","I.176-200","pondus","eris, n.","noun","weight, burden, impediment","pondus, ponderis",16
195,"I.359","I.176-200","aurum","ī, n.","noun","gold (metal/color), gold money, riches","aurum, auri",77
196,"I.364","I.176-200","fēmina","ae, f.","noun","woman; female","femina, feminae",9
197,"I.367","I.176-200","solum","ī, n.","noun","bottom, ground, floor; soil, land","solum, soli",30
198,"I.378","I.176-200","carpo","carpsī, carptus, 3, a.","verb","seize/pick/pluck/gather/browse/tear off; graze/crop; tease/pull out/card (wool)","carpo, carpere, carpsi, carptum",11
199,"I.389","I.176-200","līmen","inis, n.","noun","threshold, entrance; lintel; house","limen, liminis",68
200,"I.392","I.176-200","augurium","iī, n.","noun","augury (act/profession); divination, prediction; omen, portent/sign; foreboding","augurium, augurii",11
201,"I.394","I.201-225","āles","itis (gen. pl. sometimes alituum, 8.27)","noun","bird; (esp. large); winged god/monster; omen/augury; [regia ales => eagle]","ales, alitis",11
202,"I.399","I.201-225","pūbēs","is, f.","noun","manpower, adult population; private/pubic parts/hair; age/condition of puberty","pubes, pubis",20
202,"I.399","I.201-225","pūbēs","eris","noun","manpower, adult population; private/pubic parts/hair; age/condition of puberty","pubes, pubis",1
203,"I.402","I.201-225","fulgeō","fulsī, 2, and fulgō, 3, n.","verb","flash, shine; glow, gleam, glitter, shine forth, be bright","fulgeo, fulgere, fulsi",11
204,"I.404","I.201-225","spīrō","āvī, ātus, 1, n. and a.","verb","breathe; blow; live; breathe out; exhale; breathe the spirit of","spiro, spirare, spiravi, spiratum",12
206,"I.412","I.201-225","amictus","ūs, m.","noun","cloak, mantle; outer garment; clothing, garb; fashion; manner of dress; drapery","amictus, amictus",11
207,"I.415","I.201-225","revīsō","3, a. and n.","verb","revisit, go back and see","reviso, revisere",11
208,"I.417","I.201-225","caleō","uī, 2, n.","verb","be/feel/be kept warm; be hot with passion/inflamed/active/driven hotly/urged","caleo, calere, calui",2
209,"I.417","I.201-225","serta","ōrum, n.","noun","clover (species of, Melilotus or Trifolium); melilotus; serta Campanica","serta, sertae",4
210,"I.425","I.201-225","sulcus","ī, m.","noun","furrow; rut; trail of a meteor, track, wake; female external genitalia (rude)","sulcus, sulci",5
211,"I.427","I.201-225","fodiō","fōdī, fossus, 3, a.","verb","dig, dig out/up; stab","fodio, fodiere, fodi, fossum",1
212,"I.429","I.201-225","decus","oris, n.","noun","glory/splendor; honor/distinction; deeds; dignity/virtue; decorum; grace/beauty","decus, decoris",23
213,"I.430","I.201-225","flōs","flōris, m.","noun","flower, blossom; youthful prime","flos, floris",10
214,"I.436","I.201-225","ferveō","ferbuī, 2, n., and fervō, fervī, 3, n.","verb","be (very) hot; boil/burn; seethe/surge; swarm; be turbulent/run strongly; froth","ferveo, fervere, ferbui",1
215,"I.438","I.201-225","suspiciō","spexī, spectus, 3, a. and n.","verb","look up to; admire","suspicio, suspiciere, suspexi, suspectum",6
216,"I.441","I.201-225","lūcus","ī, m.","noun","grove; sacred grove","lucus, luci",35
217,"I.448","I.201-225","nectō","nexuī, or nexī, nexus, 3, a.","verb","tie, bind","necto, nectere, nexui, nexum",7
218,"I.449","I.201-225","foris","is, f.","adv","out of doors, abroad","foris",11
219,"I.453","I.201-225","lūstrō","āvī, ātus, 1, a.","verb","purify cermonially (w/procession), cleanse by sacrifice, expiate","lustro, lustrare, lustravi, lustratum",29
220,"I.458","I.201-225","ambō","ae, ō","num","both; two of pair; two considered together, both parties; each of two","amb",25
221,"I.461","I.201-225","ēn","ēn","interj","behold! see! lo! here! hey! look at this!","en",17
222,"I.468","I.201-225","crista","ae, f.","noun","crest/comb (bird/beast); plume (helmet); plant yellow-rattle; clitoris (L+S)","crista, cristae",17
223,"I.470","I.201-225","nix","nivis, f.","verb","press/lean upon; struggle; advance; depend on (with abl.); strive, labor","nitor, niti, nixus sum",3
224,"I.473","I.201-225","bibō","bibī, 3, a.","verb","drink; toast; visit, frequent (w/river name); drain, draw off; thirst for; suck","bibo, bibere, bibi, bibitum",4
225,"I.477","I.201-225","hasta","ae, f.","noun","spear/lance/javelin; spear stuck in ground for public auction/centumviral court","hasta, hastae",72
226,"I.478","I.226-250","pulvis","eris, m., rarely f.","noun","dust, powder; sand","pulvis, pulveris",13
227,"I.480","I.226-250","crīnis","is, m.","noun","hair; lock of hair, tress, plait; plume (helmet); tail of a comet","crinis, crinis",28
228,"I.482","I.226-250","pandō","pandī, passus or pānsus, 3, a.","verb","spread out [passis manibus => with hands outstretched]","pando, pandere, pandi, passum",25
229,"I.489","I.226-250","niger","gra, grum","adj","black, dark; unlucky","nigerus, nigera, nigerum",17
230,"I.490","I.226-250","lūna","ae, f.","noun","moon; month","luna, lunae",12
231,"I.495","I.226-250","stupeō","uī, 2, n. and a.","verb","be astounded","stupeo, stupere, stupui",8
232,"I.497","I.226-250","caterva","ae, f.","noun","crowd/cluster; troop, company, band of men/followers/actors; flock/herd/swarm","caterva, catervae",15
233,"I.499","I.226-250","chorus","ī, m.","noun","chorus; choral passage in a play; dancing/singing performance/ers; school","chorus, chori",13
234,"I.500","I.226-250","glomerō","āvī, atus, 1, a.","verb","collect, amass, assemble; form into a ball","glomero, glomerare, glomeravi, glomeratum",12
235,"I.506","I.226-250","sīdō","sīdī, 3, n.","verb","settle; sink down; sit down; run aground","sido, sidere, sidi",1
236,"I.513","I.226-250","obstipēscō","stipuī (stupuī), 3, inc. n.","verb","be amazed","obstipesco, obstipescere, obstipui",16
237,"I.531","I.226-250","ūber","eris, n.","noun","breast/teat (woman); udder (animal), dugs/teats; rich soil; plenty/abundance","uber, uberis",10
237,"I.531","I.226-250","ūber","eris","noun","breast/teat (woman); udder (animal), dugs/teats; rich soil; plenty/abundance","uber, uberis",4
238,"I.534","I.226-250","avis","is, f.","noun","bird; sign, omen, portent","avis, avis",10
239,"I.539","I.226-250","oleō","uī, 2, n. and a.","verb","smell of, smell like","oleo, olere, olui",2
240,"I.552","I.226-250","aptō","āvī, ātus, 1, a.","verb","adapt, fit, apply, adjust, accommodate; put on, fasten; prepare, furnish","apto, aptare, aptavi, aptatum",16
241,"I.552","I.226-250","stringō","strīnxī, strīctus, 3, a.","verb","draw tight; draw; graze; strip off","stringo, stringere, strinxi, strictum",1
242,"I.557","I.226-250","fretum","ī, n.","noun","sea; narrow sea, straits","fretum, freti",8
243,"I.564","I.226-250","compellō","pulī, pulsus, 3, a.","verb","address/accost, speak to, call upon; appeal to; challenge; chide/rebuke; accuse","compello, compellare, compellavi, compellatum",1
243,"I.564","I.226-250","compellō","āvī, ātus, 1, a.","verb","address/accost, speak to, call upon; appeal to; challenge; chide/rebuke; accuse","compello, compellare, compellavi, compellatum",11
244,"I.589","I.226-250","decōrus","a, um","adj","beautiful/good looking/handsome/comely; adorned; graceful/elegant (non-visual)","decorus, decori, decorissi",11
245,"I.590","I.226-250","iuventa","ae, f.","noun","youthfulness; the age of youth; youth, 1.","iuventa, ae, f.",9
246,"I.592","I.226-250","ebur","oris, n.","noun","ivory; object/statue of ivory; curule chair (of magistrate); elephant/tusk","ebur, eboris",4
247,"I.593","I.226-250","flāvus","a, um","adj","yellow, golden, gold colored; flaxen, blond; golden-haired (Latham)","flavus, flava, flavum",7
248,"I.597","I.226-250","miseror","ātus sum, 1, dep. a.","verb","pity, feel sorry for; view with compassion; (vocal sorrow/compassion)","miseror, miserari, miseratus sum",16
249,"I.601","I.226-250","spargō","sparsī, sparsus, 3, a.","verb","scatter, strew, sprinkle; spot","spargo, spargere, sparsi, sparsum",34
250,"I.604","I.226-250","cōnscius","a, um","adj","conscious, aware of, knowing, privy (to); sharing (secret) knowledge; guilty","conscius, conscia, conscium",13
251,"I.607","I.251-254","fluvius","iī, m.","noun","river, stream; running water","fluvius, fluvii",25
252,"I.611","I.251-254","laevus","a, um","adj","left, on the left hand; from the left; unpropitious, unfavorable, harmful","laevus, laeva, laevum",15
253,"I.623","I.251-254","stirps","stirpis, f.","noun","race","stirps, stirpis",19
254,"I.629","I.251-254","dēmum","dēmum","adv","finally, at last; at length, in the end, eventually; [tum demum => only then]","demum",11
255,"II.12","II.1-25","lūctus","ūs, m.","noun","grief, sorrow, lamentation, mourning; cause of grief","luctus, luctus",1
256,"II.16","II.1-25","intexō","uī, tus, 3, a.","verb","weave (into), embroider (on); cover by twining; insert (into a book, etc)","intexo, intexere, intexui, intextum",5
257,"II.17","II.1-25","voveō","vōvī, vōtus, 2, a.","verb","vow, dedicate, consecrate","voveo, vovere, vovi, votum",3
258,"II.18","II.1-25","sortior","ītus sum, 4, dep. n. and a.","verb","cast or draw lots; obtain by lot; appoint by lot; choose","sortior, sortii, sortitus sum",8
259,"II.18","II.1-25","fūrtim","fūrtim","adv","stealthily, secretly; imperceptibly","furtim",6
260,"II.20","II.1-25","uterus","ī, m.","noun","womb; belly, abdomen","uterus, uteri",8
261,"II.23","II.1-25","carīna","ae, f.","noun","keel, bottom of ship, hull; boat, ship, vessel; voyage; half walnut shell","carina, carinae",22
262,"II.25","II.1-25","reor","ratus sum, 2, dep. a.","verb","think, regard; deem; suppose, believe, reckon","reor, reri, ratus sum",16
263,"II.33","II.1-25","locō","āvī, ātus, 1, a.","verb","place, put, station; arrange; contract (for); farm out (taxes) on contract","loco, locare, locassi, zzzum",17
264,"II.37","II.1-25","ūrō","ussī, ūstus, 3, a.","verb","burn","uro, urere, ussi, ustum",5
265,"II.38","II.1-25","latebra","ae, f.","noun","hiding place, retreat, lair; subterfuge","latebra, latebrae",8
266,"II.46","II.1-25","māchina","ae, f.","noun","machine; siege engine; scheme","machina, machinae",4
267,"II.48","II.1-25","error","ōris, m.","noun","wandering; error; winding, maze; uncertainty; deception","error, erroris",10
268,"II.50","II.1-25","validus","a, um","adj","strong, powerful; valid","validus, valida, validum",16
269,"II.51","II.1-25","curvus","a, um","adj","curved/bent/arched; crooked; morally wrong; stooped/bowed; winding; w/many bends","curvus, curva, curvum",17
270,"II.55","II.1-25","foedō","āvī, ātus, 1, a.","verb","defile; pollute; soil, stain, make filthy/unclean; contaminate; corrupt","foedo, foedare, foedavi, foedatum",11
271,"II.57","II.1-25","ecce","ecce","interj","behold! see! look! there! here! [ecce eum => here he is]","ecce",37
272,"II.58","II.1-25","pāstor","ōris, m.","noun","shepherd, herdsman","pastor, pastoris",11
273,"II.60","II.1-25","struō","strūxī, strūctus, 3, a.","verb","build, construct","struo, struere, struxi, structum",13
274,"II.63","II.1-25","iuventūs","ūtis, f.","noun","youthfulness; the age of youth; collective, young people, the youth; warriors, 1.","iuventūs, ūtis, f.",25
275,"II.67","II.1-25","namque","namque","conj","for and in fact, on the other hand; insomuch as (strengthened nam)","namque",42
276,"II.68","II.1-25","turbō","āvī, ātus, 1, a.","verb","disturb, agitate, throw into confusion","turbo, turbare, turbavi, turbatum",7
276,"II.68","II.1-25","turbō","inis, m.","verb","disturb, agitate, throw into confusion","turbo, turbare, turbavi, turbatum",17
277,"II.69","II.1-25","heu","heu","interj","oh! ah! alas! (an expression of dismay or pain)","heu",34
278,"II.71","II.1-25","super","super","adv","above, on top, over; upwards; moreover, in addition, besides","super",33
279,"II.75","II.1-25","memorō","āvī, ātus, 1, a.","verb","remember; be mindful of (w/GEN/ACC); mention/recount/relate, remind/speak of","memoro, memorare, memoravi, memoratum",27
280,"II.77","II.26-50","equidem","equidem","adv","truly, indeed; for my part","equidem",31
281,"II.82","II.26-50","inclutus","a, um","adj","celebrated, renowned, famous, illustrious, glorious","inclutus, incluti, inclutissi",6
282,"II.84","II.26-50","īnsōns","sontis","adj","guiltless, innocent; harmless","insont, insonsis",7
283,"II.96","II.26-50","prōmittō","mīsī, missus, 3, a.","verb","promise","promitto, promittere, promisi, promissum",17
284,"II.96","II.26-50","ultor","ōris, m.","noun","avenger, revenger","ultor, ultoris",6
285,"II.97","II.26-50","hinc","hinc","adv","from here, from this source/cause; hence, henceforth","hinc",86
286,"II.101","II.26-50","nēquīquam","nēquīquam","adv","in vain","nequiquam",36
287,"II.109","II.26-50","fessus","a, um","adj","tired, wearied, fatigued, exhausted; worn out, weak, feeble, infirm, sick","fessus, fessa, fessum",33
288,"II.120","II.26-50","gelidus","a, um","adj","ice cold, icy","gelidus, gelida, gelidum",19
289,"II.121","II.26-50","ōs","ōris, n.","noun","mouth, speech, expression; face; pronunciation","os, oris",142
289,"II.121","II.26-50","os","ossis, n.","noun","mouth, speech, expression; face; pronunciation","os, oris",32
290,"II.122","II.26-50","vātēs","is, c.","noun","prophet/seer, mouthpiece of deity; oracle, soothsayer; poet (divinely inspired)","vates, vatis",36
291,"II.133","II.26-50","vitta","ae, f.","noun","band, ribbon; fillet","vitta, vittae",18
292,"II.134","II.26-50","lētum","ī, n.","noun","death; (usu. violent); Death (personified); manner of dying; P:destruction","letum, leti",32
293,"II.135","II.26-50","lacus","ūs, m.","noun","basin/tank/tub; lake/pond; reservoir/cistern/basin, trough; lime-hole; bin; pit","lacus, laci",15
294,"II.143","II.26-50","mortālis","e","adj","mortal, transient; human, of human origin","mortal, mortalis",14
296,"II.146","II.26-50","exuō","uī, ūtus, 3, a.","verb","pull off; undress, take off; strip, deprive of; lay aside, cast off","exuo, exuere, exui, exutum",10
297,"II.155","II.26-50","ēnsis","is, m.","noun","sword","ensis, ensis",62
298,"II.155","II.26-50","nefandus","a, um","adj","impious, wicked; abominable","nefandus, nefanda, nefandum",8
299,"II.157","II.26-50","fās","indecl. n.","noun","divine/heaven's law/will/command; that which is right/lawful/moral/allowed","fas",21
300,"II.165","II.26-50","vellō","vellī or vulsī, vulsus, 3, a.","verb","pluck/pull/tear out; extract; pull hair/plants; uproot; depilate; demolish","vello, vellere, velli, vulsum",10
301,"II.167","II.26-50","effigiēs","ēī, f.","noun","copy, image, likeness, portrait; effigy, statue; ghost","effigies, effigiei",7
302,"II.167","II.26-50","cruentus","a, um","adj","bloody/bleeding/discharging blood; gory; blood red; polluted w/blood-guilt","cruentus, cruenti, cruentissi",22
303,"II.169","II.26-50","retrō","retrō","adv","backwards, back, to the rear; behind, on the back side; back (time), formerly","retro",15
304,"II.171","II.26-50","mōnstrum","ī, n.","noun","monster; portent, unnatural thing/event regarded as omen/sign/portent","monstrum, monstri",31
305,"II.184","II.51-75","nefās","indecl. n.","noun","sin, violation of divine law, impious act; [fas et nefas => right and wrong]","nefas",18
306,"II.185","II.51-75","immēnsus","a, um","adj","immeasurable, immense/vast/boundless/unending; infinitely great; innumerable","immensus, immensa, immensum",11
307,"II.194","II.51-75","nepōs","ōtis, m.","noun","grandson/daughter; descendant; spendthrift, prodigal, playboy; secondary shoot","nepos, nepotis",18
308,"II.198","II.51-75","domō","uī, itus, 1, a.","verb","subdue, master, tame; conquer","domo, domare, domui, domitum",4
309,"II.201","II.51-75","sacerdōs","ōtis, c.","noun","priest, priestess","sacerdos, sacerdotis",26
310,"II.202","II.51-75","sollemnis","e","noun","solemn observance, religious ceremony; customary practice/usage","sollemne, sollemnis",3
311,"II.202","II.51-75","taurus","ī, m.","noun","bull","taurus, tauri",21
312,"II.202","II.51-75","māctō","āvī, ātus, 1, a.","verb","magnify, honor; sacrifice; slaughter, destroy","macto, mactare, mactavi, mactatum",13
313,"II.204","II.51-75","anguis","is, m. and f.","noun","snake, serpent; dragon; (constellations) Draco, Serpens, Hydra","anguis, anguis",12
314,"II.205","II.51-75","incumbō","cubuī, cubitus, 3, n.","verb","lean forward/over/on, press on; attack, apply force; fall on (one's sword)","incumbo, incumbere, incumbui, incumbitum",20
315,"II.209","II.51-75","sonitus","ūs, m.","noun","noise, loud sound","sonitus, sonitus",32
316,"II.209","II.51-75","spūmō","āvī, ātus, 1, n. and a.","verb","foam, froth; be covered in foam; cover with foam","spumo, spumare, spumavi, spumatum",12
317,"II.211","II.51-75","lambō","ī, itus, 3, a.","verb","lick; lap/lick/suck up, absorb; wash/bathe; surround; fondle/caress (L+S); fawn","lambo, lambere, lambi",5
318,"II.212","II.51-75","vīsus","ūs, m.","noun","look, sight, appearance; vision","visus, visus",12
319,"II.214","II.51-75","amplector","amplexus sum, 3, dep. a.","verb","surround, encircle, embrace, clasp; esteem; cherish; surround, include, grasp","amplector, amplecti, amplexus sum",12
320,"II.215","II.51-75","implicō","āvī or uī, ātus or itus, 1, a., ","verb","implicate; involve/engage/entangle/embroil; interweave/fold/twine w/itself","implico, implicare, implicavi, implicatum",13
321,"II.218","II.51-75","collum","ī, n.","noun","strainer","cola, colae",28
322,"II.223","II.51-75","saucius","a, um","adj","wounded; ill, sick","saucius, saucia, saucium",8
323,"II.224","II.51-75","excutiō","cussī, cussus, 3, a.","verb","shake out or off; cast out; search, examine","excutio, excutiere, excussi, excussum",22
324,"II.230","II.51-75","sacrō","āvī, ātus, 1, a.","verb","consecrate, make sacred, dedicate","sacro, sacrare, sacravi, sacratum",12
325,"II.225","II.51-75","lāpsus","ūs, m.","verb","slip, slip and fall; slide, glide, drop; perish, go wrong","labor, labi, lapsus sum",5
326,"II.227","II.51-75","clipeus","ī, m., and clipeum, ī, n.","noun","round/embossed shield (usu. bronze); disk of sun; vault of sky; meteorite","clipeus, clipei",1
327,"II.229","II.51-75","pavor","ōris, m.","noun","fear, panic","pavor, pavoris",5
328,"II.235","II.51-75","accingō","cīnxī, cīnctus (pass. inf., accingier, 4.493), 3, a.","verb","gird on or about, surround; equip, provide (with); get ready, prepare (for)","accingo, accingere, accinxi, accinctum",11
329,"II.237","II.51-75","fūnis","is, m.","noun","rope; line, cord, sheet, cable; measuring-line/rope, lot (Plater)","funis, funis",10
330,"II.245","II.76-100","sistō","stitī, status, 3, a. and n.","verb","stop, check; cause to stand; set up","sisto, sistere, stiti, statum",15
331,"II.249","II.76-100","vēlō","āvī, ātus, 1, a.","verb","veil, cover, cover up; enfold, wrap, envelop; hide, conceal; clothe in","velo, velare, velavi, velatum",15
332,"II.278","II.76-100","sopor","ōris, m.","noun","deep sleep","sopor, soporis",6
333,"II.273","II.76-100","complector","plexus sum, 3, dep. a.","verb","embrace, hug; welcome; encircle, encompass; attain; include, bring in, involve","complector, complecti, complexus sum",13
334,"II.285","II.76-100","aspiciō","spexī, spectus, 3, a.","verb","look/gaze on/at, see, observe, behold, regard; face; consider, contemplate","aspicio, aspiciere, aspexi, aspectum",34
335,"II.285","II.76-100","serēnus","a, um","adj","clear, fair, bright; serene, tranquil; cheerful, glad","serenus, serena, serenum",7
336,"II.290","II.76-100","culmen","inis, n.","noun","height/peak/top/summit/zenith; roof, gable, ridge-pole; head, chief; "keystone"","culmen, culminis",15
337,"II.297","II.76-100","penetrālis","e","adj","inner, innermost","penetral, penetralis",7
338,"II.301","II.76-100","horror","ōris, m.","noun","shivering, dread, awe rigidity (from cold, etc)","horror, horroris",7
339,"II.302","II.76-100","fastīgium","iī, n.","noun","peak, summit, top; slope, declivity, descent; gable, roof; sharp point, tip","fastigium, fastigii",10
341,"II.305","II.76-100","rapidus","a, um","adj","rapid, swift","rapidus, rapidi, rapidissi",27
342,"II.306","II.76-100","serō","sēvī, satus, 3, a.","verb","wreath; join, entwine, interweave, bind together; compose; contrive","sero, serere, serui, sertum",15
342,"II.306","II.76-100","serō","sertus, 3, a.","verb","wreath; join, entwine, interweave, bind together; compose; contrive","sero, serere, serui, sertum",1
343,"II.306","II.76-100","bōs","bovis, c.","noun","ox; bull; cow; ox-ray; cattle (pl.); (ox-like animals); [luca ~ => elephant]","bos, bovis",14
344,"II.314","II.76-100","āmēns","entis","adj","insane, demented, out of one's mind; very excited, frantic, distracted; foolish","amensus, amenti, amentissi",13
345,"II.319","II.76-100","faucēs","ium, f.","noun","pharynx (usu pl.), gullet/throat/neck/jaws/maw; narrow pass/shaft/strait; chasm","faux, faucis",15
346,"II.322","II.76-100","prehendō","ī, ēnsus, 3, a.","verb","catch/capture; take hold of/possession of/in hand, arrest; occupy; seize/grasp","prehendo, prehendere, prehendi, prehensum",8
347,"II.328","II.76-100","arduus","a, um","adj","steep, high, lofty, towering, tall; erect, rearing; uphill; arduous, difficult","arduus, ardui, arduissi",28
348,"II.349","II.76-100","cupīdō","inis, f.","noun","Cupid, son of Venus; personification of carnal desire","Cupido, Cupidinis",12
349,"II.355","II.76-100","ceu","ceu","adv","as, in the same way/just as; for example, like; (just) as if; as (if) it were","ceu",1
350,"II.358","II.76-100","siccus","a, um","adj","dry","siccus, sicca, siccum",7
351,"II.359","II.76-100","vādō","3, n.","verb","go, advance, rush, hurry; walk","vado, vadere, vasi",9
352,"II.368","II.76-100","servō","āvī, ātus, 1, a.","verb","watch over; protect, store, keep, guard, preserve, save","servo, servare, servassi, zzzum",56
353,"II.403","II.76-100","trepidus","a, um","adj","nervous, jumpy, agitated; perilous, alarming, frightened; boiling, foaming","trepidus, trepida, trepidum",25
354,"II.416","II.76-100","caerulus","a, um","noun","epithet for river/sea deities","caerulus, caeruli",2
355,"II.420","II.101-125","haud","haud","adv","not, not at all, by no means; not (as a particle)","haud",102
356,"II.423","II.101-125","dēnsus","a, um","adj","thick/dense/solid; (cloud/shadow); crowded/thick_planted/packed/covered (with)","densus, densi, densissi",36
357,"II.470","II.101-125","exsultō","āvī, ātus, 1, intens. n.","verb","rejoice; boast; exalt; jump about, let oneself go","exsulto, exsultare, exsultavi, exsultatum",15
358,"II.473","II.101-125","mōnstrō","āvī, ātus, 1, a.","verb","show; point out, reveal; advise, teach","monstro, monstrare, monstravi, monstratum",18
359,"II.479","II.101-125","prōcumbō","cubuī, cubitus, 3, n.","verb","sink down, lie down, lean forward","procumbo, procumbere, procubui, procubitum",3
360,"II.481","II.101-125","pietās","ātis, f.","noun","responsibility, sense of duty; loyalty; tenderness, goodness; pity; piety (Bee)","pietas, pietatis",22
361,"II.483","II.101-125","cinis","eris, m.","noun","ashes; embers, spent love/hate; ruin, destruction; the grave/dead, cremation","cinis, cineris",18
362,"II.485","II.101-125","aevum","ī, n.","noun","time, time of life, age, old age, generation; passage/lapse of time; all time","aevus, aevi",20
363,"II.492","II.101-125","tardus","a, um","adj","slow, limping; deliberate; late","tardus, tardi, tardissi",10
364,"II.493","II.101-125","postis","is, m.","noun","doorpost","postis, postis",14
365,"II.495","II.101-125","quandō","quandō","adv","when (interog), at what time; at any time (indef adv)","quando",12
366,"II.495","II.101-125","īnstaurō","āvī, ātus, 1, a.","verb","renew, repeat, restore","instauro, instaurare, instauravi, instauratum",10
367,"II.492","II.101-125","labō","āvī, ātus, 1, n.","verb","totter, be ready to fall; begin to sink; give way; waver, decline, sink; err","labo, labare, labavi, labatum",7
368,"II.514","II.101-125","cessō","āvī, ātus, 1, intens. n.","verb","be remiss/inactive; hold back, leave off, delay, cease from; rest; be free of","cesso, cessare, cessavi, cessatum",9
369,"II.469","II.101-125","vestibulum","ī, n.","noun","entrance, court","vestibulum, vestibuli",5
371,"II.471","II.101-125","grāmen","inis, n.","noun","grass, turf; herb; plant","gramen, graminis",8
372,"II.472","II.101-125","frīgidus","a, um","adj","cold, cool, chilly, frigid; lifeless, indifferent, dull","frigidus, frigidi, frigidissi",10
373,"II.472","II.101-125","tumidus","a, um","adj","swollen, swelling, distended; puffed up with pride or self; confidence","tumidus, tumida, tumidum",12
374,"II.480","II.101-125","cardō","inis, m.","noun","hinge; pole, axis; chief point/circumstance; crisis; tenon/mortise; area; limit","cardo, cardinis",8
375,"II.483","II.101-125","ātrium","iī, n.","noun","atrium, reception hall in a Roman house; auction room; palace (pl.), house","atrium, atrii",6
376,"II.487","II.101-125","plangor","ōris, m.","noun","outcry, shriek","plangor, plangoris",4
377,"II.488","II.101-125","ululō","āvī, ātus, 1, a. and n.","verb","howl, yell, shriek; celebrate or proclaim with howling","ululo, ululare, ululavi, ululatum",6
378,"II.489","II.101-125","pavidus","a, um","adj","fearful, terrified, panicstruck","pavidus, pavida, pavidum",10
379,"II.493","II.101-125","iānua","ae, f.","noun","arcade, covered passage","ianus, iani",5
380,"II.496","II.126-150","amnis","is, m.","noun","river (real/personified), stream; current; (running) water; the river Ocean","amnis, amnis",38
381,"II.503","II.126-150","thalamus","ī, m.","noun","bedroom; marriage","thalamus, thalami",20
382,"II.510","II.126-150","umerus","ī, m.","noun","upper arm, shoulder","umerus, umeri",54
383,"II.512","II.126-150","axis","is, m.","noun","axle, axis, pole; chariot; the sky, heaven; north pole; region, clime","axis, axis",8
384,"II.513","II.126-150","iūxtā","iūxtā","adv","nearly; near, close to, near by, hard by, by the side of; just as, equally","iūxtā, iūxtā",12
385,"II.513","II.126-150","laurus","ī, f.","noun","laurel/bay tree/foliage/sprig/branch (medicine/magic); triumph/victory; honor","laurus, lauri",9
386,"II.515","II.126-150","altāria","ium, n.","noun","altar, fittings for burnt offerings; burnt offerings; high altar","altar, altaris",11
387,"II.516","II.126-150","columba","ae, f.","noun","pigeon; dove; (term of endearment); (bird of Venus/symbol of love/gentleness)","columba, columbae",6
388,"II.525","II.126-150","longaevus","a, um","adj","aged; of great age, ancient","longaevus, longaeva, longaevum",14
389,"II.528","II.126-150","porticus","ūs, f.","noun","colonnade, covered walk; portico; covered gallery atop amphitheater/siege works","porticus, porticus",5
390,"II.558","II.126-150","sepulcrum","ī, n.","noun","grave, tomb","sepulcrum, sepulcri",11
391,"II.544","II.126-150","ictus","ūs, m.","noun","blow, stroke; musical/metrical beat; measure (music)","ictus, ictus",21
392,"II.553","II.126-150","tenus","tenus","prep","as far as, to the extent of, up to, down to","tenus",5
393,"II.579","II.126-150","coniugium","iī, n.","noun","a joining together; marriage, wedlock, 4.","coniugium, iī, n.",10
394,"II.592","II.126-150","caelicola","ae, c.","noun","heaven dweller; deity, god/goddess; worshiper of heavens (L+S)","caelicola, caelicolae",8
395,"II.595","II.126-150","linquō","līquī, 3, a.","verb","leave, quit, forsake; abandon, desist from; allow to remain in place; bequeath","linquo, linquere, liqui, lictum",41
396,"II.622","II.126-150","faciēs","ēī, f.","noun","shape, face, look; presence, appearance; beauty; achievement","facies, faciei",34
397,"II.604","II.126-150","invideō","vīdī, vīsus, 2, n. and a.","verb","envy, regard with envy/ill will; be jealous of; begrudge, refuse","invideo, invidere, invidi, invisum",6
398,"II.606","II.126-150","ūmidus","a, um","adj","damp, moist, dank, wet, humid","umidus, umida, umidum",9
399,"II.609","II.126-150","fūmus","ī, m.","noun","smoke, steam, vapor, fume","fumus, fumi",10
400,"II.610","II.126-150","quatiō","no perf., quassus, 3, a.","verb","shake","quatio, quatiere, quassum",18
401,"II.611","II.126-150","ēruō","ī, tus, 3, a.","verb","pluck/dig/root up, overthrow, destroy; elicit","eruo, eruere, erui, erutum",8
402,"II.629","II.126-150","ornus","ī, f.","noun","ash-tree","ornus, orni",5
403,"II.633","II.126-150","expediō","īvī or iī, ītus, 4, a.","verb","disengage, loose, set free; be expedient; procure, obtain, make ready","expedio, expediere, expedivi, expeditum",14
404,"II.639","II.126-150","solidus","a, um","noun","gold coin; (aurus introduced by Constantine)","solidus, solidi",8
405,"II.646","II.151-170","exuviae","ārum, f.","noun","things stripped off (pl.); spoils, booty; memento, something of another's","exuvia, exuviae",12
406,"II.653","II.151-170","urgeō","ursī, 2, a. and n.","verb","press/squeeze/bear hard/down; tread/traverse continually; push/shove/thrust","urgeo, urgere, ursi",23
407,"II.683","II.151-170","mollis","e","noun","millstone; ground meal; mill (pl.) [salsa ~ => salted meal, for sacrifices]","mola, molae",24
408,"II.687","II.151-170","laetus","a, um","adj","happy/cheerful/joyful/glad; favorable/propitious; prosperous/successful","laetus, laeti, laetissi",77
409,"II.691","II.151-170","fīrmō","āvī, ātus, 3, a.","verb","strengthen, harden; support; declare; prove, confirm, establish","firmo, firmare, firmavi, firmatum",9
410,"II.694","II.151-170","stella","ae, f.","noun","star; planet, heavenly body; point of light in jewel; constellation; star shape","stella, stellae",7
411,"II.697","II.151-170","sīgnō","āvī, ātus, 1, a.","verb","mark, stamp, designate, sign; seal","signo, signare, signavi, signatum",9
412,"II.712","II.151-170","famulus","ī, m.","noun","slave (male), servant; attendant","famulus, famuli",8
413,"II.722","II.151-170","leō","leōnis, m.","noun","Leo (name of several Popes); priests (pl.) of Persian god Mithras","Leo, Leonis",17
414,"II.725","II.151-170","opācus","a, um","adj","dark, shaded; opaque","opacus, opaca, opacum",2
415,"II.765","II.151-170","crātēr","ēris, m., acc. sing. ēra, pl. ēras","noun","mixing bowl; depression, volcano crater, basin of fountain; Cup (constellation)","cratera, craterae",7
416,"II.766","II.151-170","congerō","gessī, gestus, 3, a.","verb","collect, bring/get together, amass; heap/pile up/on; build, construct; compile","congero, congerere, congessi, congestum",3
417,"II.776","II.151-170","indulgeō","dulsī, dultus, 2, n.","verb","indulge; be indulgent/lenient/kind; grant/bestow; gratify oneself; give in to","indulgeo, indulgere, indulsi, indultum",7
418,"II.804","II.151-170","arō","āvi, ātus, 1, a. and n.","verb","plow, till, cultivate; produce by plowing, grow; furrow, wrinkle","aro, arare, aravi, aratum",6
419,"II.810","II.151-170","opīmus","a, um","adj","rich, fertile; abundant; fat, plump; [opima spolia => spoils from a general]","opimus, opima, opimum",5
420,"II.810","II.151-170","lēnis","e","noun","procuress; brothel-keeper","lena, lenae",3
421,"II.810","II.151-170","māter","matris, f.","noun","mother, foster mother; lady, matron; origin, source, motherland, mother city","mater, matris",82
422,"II.790","II.151-170","lacrimō","āvī, ātus, 1, n. and a.","verb","shed tears, weep","lacrimo, lacrimare, lacrimavi, lacrimatum",13
423,"II.791","II.151-170","tenuis","e","verb","hold, keep; comprehend; possess; master; preserve; [tenere memoria => remember]","teneo, tenere, tenui, tentum",19
424,"II.792","II.151-170","bracchium","iī, n.","noun","arm; lower arm, forearm; claw; branch, shoot; earthwork connecting forts","bracchium, bracchii",15